Name,Email,L1 (10),L2 (10),L3 (10),L4 (10),L5 (10),A1 (20),A2 (20),Project (40),Midterm (100),Final (100)
Ana Kovač,ana.kovac@example.edu,10,9,10,8,10,18,19,37,88,100
Marko Horvat,marko.horvat@example.edu,8,7,9,8,8,15,16,31,76,0
Lena Novak,lena.novak@example.edu,10,10,9,10,10,20,19,39,91,96
Ivan Babić,ivan.babic@example.edu,7,6,8,7,6,13,14,26,72,70
Mia Jurić,mia.juric@example.edu,9,9,8,10,9,17,18,35,85,90
Petra Marić,petra.maric@example.edu,8,7,7,8,7,15,15,29,79,77
Noah Stein,noah.stein@example.edu,6,6,6,7,6,12,13,27,58,61
Sara Kim,sara.kim@example.edu,6,7,7,7,6,14,14,30,65,68
Milo Carter,milo.carter@example.edu,7,8,8,8,7,15,16,32,72,75
Iva Horvat,iva.horvat@example.edu,8,8,8,9,8,16,17,35,79,82
Ema Radić,ema.radic@example.edu,9,9,9,10,9,18,18,38,86,89
Filip Kralj,filip.kralj@example.edu,6,6,6,7,6,12,13,27,58,61
Nika Petrović,nika.petrovic@example.edu,6,7,7,7,6,14,14,30,65,68
Jakov Milić,jakov.milic@example.edu,7,8,8,8,7,15,16,32,72,75
Tara Vuković,tara.vukovic@example.edu,8,8,8,9,8,16,17,35,79,82
Luka Perić,luka.peric@example.edu,9,9,9,10,9,18,18,38,86,89
Dora Savić,dora.savic@example.edu,6,6,6,7,6,12,13,27,58,61
Leon Matić,leon.matic@example.edu,6,7,7,7,6,14,14,30,65,68
Klara Božić,klara.bozic@example.edu,7,8,8,8,7,15,16,32,72,75
Tin Lovrić,tin.lovric@example.edu,8,8,8,9,8,16,17,35,79,82
Eva Burić,eva.buric@example.edu,9,9,9,10,9,18,18,38,86,89
Roko Grgić,roko.grgic@example.edu,6,6,6,7,6,12,13,27,58,61
Nina Pavlović,nina.pavlovic@example.edu,6,7,7,7,6,14,14,30,65,68
David Kovačević,david.kovacevic@example.edu,7,8,8,8,7,15,16,32,72,75
Marta Vidović,marta.vidovic@example.edu,8,8,8,9,8,16,17,35,79,82
Fran Barišić,fran.barisic@example.edu,9,9,9,10,9,18,18,38,86,89
Lea Šimić,lea.simic@example.edu,6,6,6,7,6,12,13,27,58,61
Toni Knežević,toni.knezevic@example.edu,6,7,7,7,6,14,14,30,65,68
Karla Tomić,karla.tomic@example.edu,7,8,8,8,7,15,16,32,72,75
Mateo Rukavina,mateo.rukavina@example.edu,8,8,8,9,8,16,17,35,79,82
Lucija Blažević,lucija.blazevic@example.edu,9,9,9,10,9,18,18,38,86,89
Borna Jelić,borna.jelic@example.edu,6,6,6,7,6,12,13,27,58,61
Paula Zorić,paula.zoric@example.edu,6,7,7,7,6,14,14,30,65,68
Jan Popović,jan.popovic@example.edu,7,8,8,8,7,15,16,32,72,75
Nora Galić,nora.galic@example.edu,8,8,8,9,8,16,17,35,79,82
Vito Lončar,vito.loncar@example.edu,9,9,9,10,9,18,18,38,86,89
Maja Pavić,maja.pavic@example.edu,6,6,6,7,6,12,13,27,58,61
Lovro Begić,lovro.begic@example.edu,6,7,7,7,6,14,14,30,65,68
Rita Cindrić,rita.cindric@example.edu,7,8,8,8,7,15,16,32,72,75
Dino Župan,dino.zupan@example.edu,8,8,8,9,8,16,17,35,79,82
Una Šarić,una.saric@example.edu,9,9,9,10,9,18,18,38,86,89
Patrik Marić,patrik.maric@example.edu,6,6,6,7,6,12,13,27,58,61
Lana Bilić,lana.bilic@example.edu,6,7,7,7,6,14,14,30,65,68
Karlo Novak,karlo.novak@example.edu,7,8,8,8,7,15,16,32,72,75
Tea Špoljar,tea.spoljar@example.edu,8,8,8,9,8,16,17,35,79,82
Viktor Herceg,viktor.herceg@example.edu,9,9,9,10,9,18,18,38,86,89
